model,subject,n,accuracy
openai/gpt-4o,Math,212,0.5377358490566038
openai/gpt-4o,Chemistry,202,0.6881188118811881
openai/gpt-4o,Biology,211,0.6966824644549763
openai/gpt-4o,Physics,215,0.586046511627907
openai/gpt-4o,__OVERALL_WEIGHTED__,840,0.6261904761904762
